{
    "panelData": [
        {
            "position": {
                "x": -184.3000030517578,
                "y": 14.699999809265137
            },
            "size": {
                "x": 126.22000122070313,
                "y": 135.89999389648438
            },
            "id": 492419870
        },
        {
            "position": {
                "x": 43.5,
                "y": -7.5
            },
            "size": {
                "x": 100.0,
                "y": 70.0
            },
            "id": 1012401307
        }
    ]
}